,0
0,001.Black_footed_Albatross/Black_Footed_Albatross_0040_796066.jpg
1,001.Black_footed_Albatross/Black_Footed_Albatross_0081_426.jpg
2,001.Black_footed_Albatross/Black_Footed_Albatross_0017_796098.jpg
3,001.Black_footed_Albatross/Black_Footed_Albatross_0068_796135.jpg
4,001.Black_footed_Albatross/Black_Footed_Albatross_0077_796114.jpg
5,002.Laysan_Albatross/Laysan_Albatross_0061_563.jpg
6,002.Laysan_Albatross/Laysan_Albatross_0073_927.jpg
7,002.Laysan_Albatross/Laysan_Albatross_0085_564.jpg
8,002.Laysan_Albatross/Laysan_Albatross_0081_800.jpg
9,002.Laysan_Albatross/Laysan_Albatross_0065_809.jpg
10,003.Sooty_Albatross/Sooty_Albatross_0041_796364.jpg
11,003.Sooty_Albatross/Sooty_Albatross_0058_796360.jpg
12,003.Sooty_Albatross/Sooty_Albatross_0074_1221.jpg
13,003.Sooty_Albatross/Sooty_Albatross_0019_796391.jpg
14,003.Sooty_Albatross/Sooty_Albatross_0034_1154.jpg
15,004.Groove_billed_Ani/Groove_Billed_Ani_0105_1562.jpg
16,004.Groove_billed_Ani/Groove_Billed_Ani_0019_1585.jpg
17,004.Groove_billed_Ani/Groove_Billed_Ani_0058_1751.jpg
18,004.Groove_billed_Ani/Groove_Billed_Ani_0002_1670.jpg
19,004.Groove_billed_Ani/Groove_Billed_Ani_0077_1724.jpg
20,005.Crested_Auklet/Crested_Auklet_0019_794925.jpg
21,005.Crested_Auklet/Crested_Auklet_0012_794960.jpg
22,005.Crested_Auklet/Crested_Auklet_0030_794937.jpg
23,005.Crested_Auklet/Crested_Auklet_0040_794912.jpg
24,005.Crested_Auklet/Crested_Auklet_0052_794952.jpg
25,006.Least_Auklet/Least_Auklet_0020_795080.jpg
26,006.Least_Auklet/Least_Auklet_0035_1888.jpg
27,006.Least_Auklet/Least_Auklet_0027_795091.jpg
28,006.Least_Auklet/Least_Auklet_0010_795092.jpg
29,006.Least_Auklet/Least_Auklet_0050_1924.jpg
30,007.Parakeet_Auklet/Parakeet_Auklet_0027_795925.jpg
31,007.Parakeet_Auklet/Parakeet_Auklet_0038_795935.jpg
32,007.Parakeet_Auklet/Parakeet_Auklet_0001_795972.jpg
33,007.Parakeet_Auklet/Parakeet_Auklet_0025_795975.jpg
34,007.Parakeet_Auklet/Parakeet_Auklet_0012_795927.jpg
35,008.Rhinoceros_Auklet/Rhinoceros_Auklet_0005_2111.jpg
36,008.Rhinoceros_Auklet/Rhinoceros_Auklet_0008_797531.jpg
37,008.Rhinoceros_Auklet/Rhinoceros_Auklet_0029_797520.jpg
38,008.Rhinoceros_Auklet/Rhinoceros_Auklet_0038_797544.jpg
39,008.Rhinoceros_Auklet/Rhinoceros_Auklet_0012_2161.jpg
40,009.Brewer_Blackbird/Brewer_Blackbird_0064_2290.jpg
41,009.Brewer_Blackbird/Brewer_Blackbird_0140_2586.jpg
42,009.Brewer_Blackbird/Brewer_Blackbird_0139_2567.jpg
43,009.Brewer_Blackbird/Brewer_Blackbird_0078_2659.jpg
44,009.Brewer_Blackbird/Brewer_Blackbird_0133_2324.jpg
45,010.Red_winged_Blackbird/Red_Winged_Blackbird_0079_4527.jpg
46,010.Red_winged_Blackbird/Red_Winged_Blackbird_0054_4625.jpg
47,010.Red_winged_Blackbird/Red_Winged_Blackbird_0021_3767.jpg
48,010.Red_winged_Blackbird/Red_Winged_Blackbird_0052_5575.jpg
49,010.Red_winged_Blackbird/Red_Winged_Blackbird_0059_4612.jpg
50,011.Rusty_Blackbird/Rusty_Blackbird_0006_6633.jpg
51,011.Rusty_Blackbird/Rusty_Blackbird_0087_6727.jpg
52,011.Rusty_Blackbird/Rusty_Blackbird_0085_6713.jpg
53,011.Rusty_Blackbird/Rusty_Blackbird_0019_6704.jpg
54,011.Rusty_Blackbird/Rusty_Blackbird_0023_6752.jpg
55,012.Yellow_headed_Blackbird/Yellow_Headed_Blackbird_0056_8455.jpg
56,012.Yellow_headed_Blackbird/Yellow_Headed_Blackbird_0062_8310.jpg
57,012.Yellow_headed_Blackbird/Yellow_Headed_Blackbird_0007_8366.jpg
58,012.Yellow_headed_Blackbird/Yellow_Headed_Blackbird_0051_8387.jpg
59,012.Yellow_headed_Blackbird/Yellow_Headed_Blackbird_0020_8549.jpg
60,013.Bobolink/Bobolink_0104_10273.jpg
61,013.Bobolink/Bobolink_0117_10215.jpg
62,013.Bobolink/Bobolink_0107_10252.jpg
63,013.Bobolink/Bobolink_0119_10430.jpg
64,013.Bobolink/Bobolink_0019_10552.jpg
65,014.Indigo_Bunting/Indigo_Bunting_0047_12966.jpg
66,014.Indigo_Bunting/Indigo_Bunting_0050_11811.jpg
67,014.Indigo_Bunting/Indigo_Bunting_0026_11964.jpg
68,014.Indigo_Bunting/Indigo_Bunting_0044_14389.jpg
69,014.Indigo_Bunting/Indigo_Bunting_0055_13473.jpg
70,015.Lazuli_Bunting/Lazuli_Bunting_0054_14714.jpg
71,015.Lazuli_Bunting/Lazuli_Bunting_0027_14895.jpg
72,015.Lazuli_Bunting/Lazuli_Bunting_0034_14864.jpg
73,015.Lazuli_Bunting/Lazuli_Bunting_0041_15152.jpg
74,015.Lazuli_Bunting/Lazuli_Bunting_0014_14824.jpg
75,016.Painted_Bunting/Painted_Bunting_0079_15197.jpg
76,016.Painted_Bunting/Painted_Bunting_0050_16670.jpg
77,016.Painted_Bunting/Painted_Bunting_0005_15202.jpg
78,016.Painted_Bunting/Painted_Bunting_0025_16722.jpg
79,016.Painted_Bunting/Painted_Bunting_0070_16515.jpg
80,017.Cardinal/Cardinal_0085_19162.jpg
81,017.Cardinal/Cardinal_0012_18638.jpg
82,017.Cardinal/Cardinal_0052_18334.jpg
83,017.Cardinal/Cardinal_0057_17128.jpg
84,017.Cardinal/Cardinal_0056_18352.jpg
85,018.Spotted_Catbird/Spotted_Catbird_0047_19400.jpg
86,018.Spotted_Catbird/Spotted_Catbird_0022_796821.jpg
87,018.Spotted_Catbird/Spotted_Catbird_0027_796796.jpg
88,018.Spotted_Catbird/Spotted_Catbird_0012_796802.jpg
89,018.Spotted_Catbird/Spotted_Catbird_0005_19411.jpg
90,019.Gray_Catbird/Gray_Catbird_0050_20763.jpg
91,019.Gray_Catbird/Gray_Catbird_0074_19601.jpg
92,019.Gray_Catbird/Gray_Catbird_0006_20867.jpg
93,019.Gray_Catbird/Gray_Catbird_0100_20674.jpg
94,019.Gray_Catbird/Gray_Catbird_0141_21174.jpg
95,020.Yellow_breasted_Chat/Yellow_Breasted_Chat_0032_21823.jpg
96,020.Yellow_breasted_Chat/Yellow_Breasted_Chat_0044_22106.jpg
97,020.Yellow_breasted_Chat/Yellow_Breasted_Chat_0052_21866.jpg
98,020.Yellow_breasted_Chat/Yellow_Breasted_Chat_0098_21987.jpg
99,020.Yellow_breasted_Chat/Yellow_Breasted_Chat_0102_21696.jpg
100,021.Eastern_Towhee/Eastern_Towhee_0052_22558.jpg
101,021.Eastern_Towhee/Eastern_Towhee_0082_22330.jpg
102,021.Eastern_Towhee/Eastern_Towhee_0038_22399.jpg
103,021.Eastern_Towhee/Eastern_Towhee_0124_22585.jpg
104,021.Eastern_Towhee/Eastern_Towhee_0042_22155.jpg
105,022.Chuck_will_Widow/Chuck_Will_Widow_0037_796961.jpg
106,022.Chuck_will_Widow/Chuck_Will_Widow_0046_796966.jpg
107,022.Chuck_will_Widow/Chuck_Will_Widow_0054_22782.jpg
108,022.Chuck_will_Widow/Chuck_Will_Widow_0040_796976.jpg
109,022.Chuck_will_Widow/Chuck_Will_Widow_0023_796979.jpg
110,023.Brandt_Cormorant/Brandt_Cormorant_0021_23097.jpg
111,023.Brandt_Cormorant/Brandt_Cormorant_0044_22884.jpg
112,023.Brandt_Cormorant/Brandt_Cormorant_0006_22925.jpg
113,023.Brandt_Cormorant/Brandt_Cormorant_0025_22820.jpg
114,023.Brandt_Cormorant/Brandt_Cormorant_0038_23110.jpg
115,024.Red_faced_Cormorant/Red_Faced_Cormorant_0050_796276.jpg
116,024.Red_faced_Cormorant/Red_Faced_Cormorant_0046_23446.jpg
117,024.Red_faced_Cormorant/Red_Faced_Cormorant_0042_796277.jpg
118,024.Red_faced_Cormorant/Red_Faced_Cormorant_0002_796275.jpg
119,024.Red_faced_Cormorant/Red_Faced_Cormorant_0007_796280.jpg
120,025.Pelagic_Cormorant/Pelagic_Cormorant_0011_23667.jpg
121,025.Pelagic_Cormorant/Pelagic_Cormorant_0035_23849.jpg
122,025.Pelagic_Cormorant/Pelagic_Cormorant_0093_23722.jpg
123,025.Pelagic_Cormorant/Pelagic_Cormorant_0024_23712.jpg
124,025.Pelagic_Cormorant/Pelagic_Cormorant_0061_23548.jpg
125,026.Bronzed_Cowbird/Bronzed_Cowbird_0039_24026.jpg
126,026.Bronzed_Cowbird/Bronzed_Cowbird_0090_24179.jpg
127,026.Bronzed_Cowbird/Bronzed_Cowbird_0074_24045.jpg
128,026.Bronzed_Cowbird/Bronzed_Cowbird_0001_796219.jpg
129,026.Bronzed_Cowbird/Bronzed_Cowbird_0009_24033.jpg
130,027.Shiny_Cowbird/Shiny_Cowbird_0075_24335.jpg
131,027.Shiny_Cowbird/Shiny_Cowbird_0061_796874.jpg
132,027.Shiny_Cowbird/Shiny_Cowbird_0002_24380.jpg
133,027.Shiny_Cowbird/Shiny_Cowbird_0014_24214.jpg
134,027.Shiny_Cowbird/Shiny_Cowbird_0062_24271.jpg
135,028.Brown_Creeper/Brown_Creeper_0043_24549.jpg
136,028.Brown_Creeper/Brown_Creeper_0042_24578.jpg
137,028.Brown_Creeper/Brown_Creeper_0023_24940.jpg
138,028.Brown_Creeper/Brown_Creeper_0058_24933.jpg
139,028.Brown_Creeper/Brown_Creeper_0103_24632.jpg
140,029.American_Crow/American_Crow_0016_25112.jpg
141,029.American_Crow/American_Crow_0036_25313.jpg
142,029.American_Crow/American_Crow_0124_25356.jpg
143,029.American_Crow/American_Crow_0094_25576.jpg
144,029.American_Crow/American_Crow_0047_25397.jpg
145,030.Fish_Crow/Fish_Crow_0078_26144.jpg
146,030.Fish_Crow/Fish_Crow_0011_25866.jpg
147,030.Fish_Crow/Fish_Crow_0025_25893.jpg
148,030.Fish_Crow/Fish_Crow_0038_26000.jpg
149,030.Fish_Crow/Fish_Crow_0044_25964.jpg
150,031.Black_billed_Cuckoo/Black_Billed_Cuckoo_0069_795326.jpg
151,031.Black_billed_Cuckoo/Black_Billed_Cuckoo_0070_795310.jpg
152,031.Black_billed_Cuckoo/Black_Billed_Cuckoo_0096_26204.jpg
153,031.Black_billed_Cuckoo/Black_Billed_Cuckoo_0001_26242.jpg
154,031.Black_billed_Cuckoo/Black_Billed_Cuckoo_0019_795329.jpg
155,032.Mangrove_Cuckoo/Mangrove_Cuckoo_0038_794600.jpg
156,032.Mangrove_Cuckoo/Mangrove_Cuckoo_0028_26358.jpg
157,032.Mangrove_Cuckoo/Mangrove_Cuckoo_0031_26401.jpg
158,032.Mangrove_Cuckoo/Mangrove_Cuckoo_0012_26382.jpg
159,032.Mangrove_Cuckoo/Mangrove_Cuckoo_0027_26360.jpg
160,033.Yellow_billed_Cuckoo/Yellow_Billed_Cuckoo_0048_26632.jpg
161,033.Yellow_billed_Cuckoo/Yellow_Billed_Cuckoo_0032_26616.jpg
162,033.Yellow_billed_Cuckoo/Yellow_Billed_Cuckoo_0049_26766.jpg
163,033.Yellow_billed_Cuckoo/Yellow_Billed_Cuckoo_0121_26807.jpg
164,033.Yellow_billed_Cuckoo/Yellow_Billed_Cuckoo_0010_26795.jpg
165,034.Gray_crowned_Rosy_Finch/Gray_Crowned_Rosy_Finch_0051_26988.jpg
166,034.Gray_crowned_Rosy_Finch/Gray_Crowned_Rosy_Finch_0080_27108.jpg
167,034.Gray_crowned_Rosy_Finch/Gray_Crowned_Rosy_Finch_0038_797309.jpg
168,034.Gray_crowned_Rosy_Finch/Gray_Crowned_Rosy_Finch_0055_27112.jpg
169,034.Gray_crowned_Rosy_Finch/Gray_Crowned_Rosy_Finch_0044_26976.jpg
170,035.Purple_Finch/Purple_Finch_0088_28076.jpg
171,035.Purple_Finch/Purple_Finch_0113_27547.jpg
172,035.Purple_Finch/Purple_Finch_0071_27443.jpg
173,035.Purple_Finch/Purple_Finch_0092_27264.jpg
174,035.Purple_Finch/Purple_Finch_0102_27308.jpg
175,036.Northern_Flicker/Northern_Flicker_0123_28381.jpg
176,036.Northern_Flicker/Northern_Flicker_0037_28751.jpg
177,036.Northern_Flicker/Northern_Flicker_0050_28284.jpg
178,036.Northern_Flicker/Northern_Flicker_0011_28466.jpg
179,036.Northern_Flicker/Northern_Flicker_0057_28606.jpg
180,037.Acadian_Flycatcher/Acadian_Flycatcher_0017_795598.jpg
181,037.Acadian_Flycatcher/Acadian_Flycatcher_0028_795611.jpg
182,037.Acadian_Flycatcher/Acadian_Flycatcher_0054_29113.jpg
183,037.Acadian_Flycatcher/Acadian_Flycatcher_0007_795600.jpg
184,037.Acadian_Flycatcher/Acadian_Flycatcher_0020_29069.jpg
185,038.Great_Crested_Flycatcher/Great_Crested_Flycatcher_0066_29488.jpg
186,038.Great_Crested_Flycatcher/Great_Crested_Flycatcher_0085_29812.jpg
187,038.Great_Crested_Flycatcher/Great_Crested_Flycatcher_0058_29523.jpg
188,038.Great_Crested_Flycatcher/Great_Crested_Flycatcher_0019_29801.jpg
189,038.Great_Crested_Flycatcher/Great_Crested_Flycatcher_0027_29532.jpg
190,039.Least_Flycatcher/Least_Flycatcher_0049_30361.jpg
191,039.Least_Flycatcher/Least_Flycatcher_0011_30222.jpg
192,039.Least_Flycatcher/Least_Flycatcher_0047_30393.jpg
193,039.Least_Flycatcher/Least_Flycatcher_0077_30296.jpg
194,039.Least_Flycatcher/Least_Flycatcher_0065_30357.jpg
195,040.Olive_sided_Flycatcher/Olive_Sided_Flycatcher_0016_30717.jpg
196,040.Olive_sided_Flycatcher/Olive_Sided_Flycatcher_0080_30515.jpg
197,040.Olive_sided_Flycatcher/Olive_Sided_Flycatcher_0064_30485.jpg
198,040.Olive_sided_Flycatcher/Olive_Sided_Flycatcher_0022_30551.jpg
199,040.Olive_sided_Flycatcher/Olive_Sided_Flycatcher_0076_30555.jpg
200,041.Scissor_tailed_Flycatcher/Scissor_Tailed_Flycatcher_0106_41684.jpg
201,041.Scissor_tailed_Flycatcher/Scissor_Tailed_Flycatcher_0119_41879.jpg
202,041.Scissor_tailed_Flycatcher/Scissor_Tailed_Flycatcher_0088_41700.jpg
203,041.Scissor_tailed_Flycatcher/Scissor_Tailed_Flycatcher_0097_41701.jpg
204,041.Scissor_tailed_Flycatcher/Scissor_Tailed_Flycatcher_0021_41931.jpg
205,042.Vermilion_Flycatcher/Vermilion_Flycatcher_0036_42389.jpg
206,042.Vermilion_Flycatcher/Vermilion_Flycatcher_0060_42293.jpg
207,042.Vermilion_Flycatcher/Vermilion_Flycatcher_0045_42219.jpg
208,042.Vermilion_Flycatcher/Vermilion_Flycatcher_0053_42184.jpg
209,042.Vermilion_Flycatcher/Vermilion_Flycatcher_0054_42210.jpg
210,043.Yellow_bellied_Flycatcher/Yellow_Bellied_Flycatcher_0045_42575.jpg
211,043.Yellow_bellied_Flycatcher/Yellow_Bellied_Flycatcher_0003_795487.jpg
212,043.Yellow_bellied_Flycatcher/Yellow_Bellied_Flycatcher_0020_795482.jpg
213,043.Yellow_bellied_Flycatcher/Yellow_Bellied_Flycatcher_0035_795464.jpg
214,043.Yellow_bellied_Flycatcher/Yellow_Bellied_Flycatcher_0031_42580.jpg
215,044.Frigatebird/Frigatebird_0107_42773.jpg
216,044.Frigatebird/Frigatebird_0035_43420.jpg
217,044.Frigatebird/Frigatebird_0080_43064.jpg
218,044.Frigatebird/Frigatebird_0114_42807.jpg
219,044.Frigatebird/Frigatebird_0005_42828.jpg
220,045.Northern_Fulmar/Northern_Fulmar_0047_43698.jpg
221,045.Northern_Fulmar/Northern_Fulmar_0071_44146.jpg
222,045.Northern_Fulmar/Northern_Fulmar_0066_43714.jpg
223,045.Northern_Fulmar/Northern_Fulmar_0065_44081.jpg
224,045.Northern_Fulmar/Northern_Fulmar_0050_43839.jpg
225,046.Gadwall/Gadwall_0031_30935.jpg
226,046.Gadwall/Gadwall_0039_31013.jpg
227,046.Gadwall/Gadwall_0005_30924.jpg
228,046.Gadwall/Gadwall_0066_31557.jpg
229,046.Gadwall/Gadwall_0064_31504.jpg
230,047.American_Goldfinch/American_Goldfinch_0121_32725.jpg
231,047.American_Goldfinch/American_Goldfinch_0046_32105.jpg
232,047.American_Goldfinch/American_Goldfinch_0128_32333.jpg
233,047.American_Goldfinch/American_Goldfinch_0087_32363.jpg
234,047.American_Goldfinch/American_Goldfinch_0056_32169.jpg
235,048.European_Goldfinch/European_Goldfinch_0014_794672.jpg
236,048.European_Goldfinch/European_Goldfinch_0041_794645.jpg
237,048.European_Goldfinch/European_Goldfinch_0088_794651.jpg
238,048.European_Goldfinch/European_Goldfinch_0008_33153.jpg
239,048.European_Goldfinch/European_Goldfinch_0076_33173.jpg
240,049.Boat_tailed_Grackle/Boat_Tailed_Grackle_0126_33593.jpg
241,049.Boat_tailed_Grackle/Boat_Tailed_Grackle_0028_33777.jpg
242,049.Boat_tailed_Grackle/Boat_Tailed_Grackle_0086_33818.jpg
243,049.Boat_tailed_Grackle/Boat_Tailed_Grackle_0073_33723.jpg
244,049.Boat_tailed_Grackle/Boat_Tailed_Grackle_0016_33770.jpg
245,050.Eared_Grebe/Eared_Grebe_0015_34231.jpg
246,050.Eared_Grebe/Eared_Grebe_0051_34209.jpg
247,050.Eared_Grebe/Eared_Grebe_0038_34321.jpg
248,050.Eared_Grebe/Eared_Grebe_0027_34341.jpg
249,050.Eared_Grebe/Eared_Grebe_0029_34258.jpg
250,051.Horned_Grebe/Horned_Grebe_0066_34738.jpg
251,051.Horned_Grebe/Horned_Grebe_0099_34989.jpg
252,051.Horned_Grebe/Horned_Grebe_0049_34779.jpg
253,051.Horned_Grebe/Horned_Grebe_0017_35073.jpg
254,051.Horned_Grebe/Horned_Grebe_0078_34799.jpg
255,052.Pied_billed_Grebe/Pied_Billed_Grebe_0100_35310.jpg
256,052.Pied_billed_Grebe/Pied_Billed_Grebe_0063_35529.jpg
257,052.Pied_billed_Grebe/Pied_Billed_Grebe_0086_35483.jpg
258,052.Pied_billed_Grebe/Pied_Billed_Grebe_0125_35322.jpg
259,052.Pied_billed_Grebe/Pied_Billed_Grebe_0044_35425.jpg
260,053.Western_Grebe/Western_Grebe_0080_36310.jpg
261,053.Western_Grebe/Western_Grebe_0032_36439.jpg
262,053.Western_Grebe/Western_Grebe_0099_36112.jpg
263,053.Western_Grebe/Western_Grebe_0047_36203.jpg
264,053.Western_Grebe/Western_Grebe_0004_36130.jpg
265,054.Blue_Grosbeak/Blue_Grosbeak_0029_37197.jpg
266,054.Blue_Grosbeak/Blue_Grosbeak_0009_36992.jpg
267,054.Blue_Grosbeak/Blue_Grosbeak_0099_36828.jpg
268,054.Blue_Grosbeak/Blue_Grosbeak_0072_36774.jpg
269,054.Blue_Grosbeak/Blue_Grosbeak_0107_36696.jpg
270,055.Evening_Grosbeak/Evening_Grosbeak_0027_37824.jpg
271,055.Evening_Grosbeak/Evening_Grosbeak_0057_37392.jpg
272,055.Evening_Grosbeak/Evening_Grosbeak_0102_37927.jpg
273,055.Evening_Grosbeak/Evening_Grosbeak_0115_37490.jpg
274,055.Evening_Grosbeak/Evening_Grosbeak_0044_37938.jpg
275,056.Pine_Grosbeak/Pine_Grosbeak_0049_38380.jpg
276,056.Pine_Grosbeak/Pine_Grosbeak_0107_38351.jpg
277,056.Pine_Grosbeak/Pine_Grosbeak_0043_38992.jpg
278,056.Pine_Grosbeak/Pine_Grosbeak_0068_38981.jpg
279,056.Pine_Grosbeak/Pine_Grosbeak_0104_38362.jpg
280,057.Rose_breasted_Grosbeak/Rose_Breasted_Grosbeak_0081_39136.jpg
281,057.Rose_breasted_Grosbeak/Rose_Breasted_Grosbeak_0068_39094.jpg
282,057.Rose_breasted_Grosbeak/Rose_Breasted_Grosbeak_0104_39189.jpg
283,057.Rose_breasted_Grosbeak/Rose_Breasted_Grosbeak_0063_39802.jpg
284,057.Rose_breasted_Grosbeak/Rose_Breasted_Grosbeak_0077_39613.jpg
285,058.Pigeon_Guillemot/Pigeon_Guillemot_0014_40040.jpg
286,058.Pigeon_Guillemot/Pigeon_Guillemot_0103_39882.jpg
287,058.Pigeon_Guillemot/Pigeon_Guillemot_0041_39807.jpg
288,058.Pigeon_Guillemot/Pigeon_Guillemot_0018_40195.jpg
289,058.Pigeon_Guillemot/Pigeon_Guillemot_0058_40184.jpg
290,059.California_Gull/California_Gull_0052_41047.jpg
291,059.California_Gull/California_Gull_0074_41358.jpg
292,059.California_Gull/California_Gull_0008_40942.jpg
293,059.California_Gull/California_Gull_0019_41377.jpg
294,059.California_Gull/California_Gull_0009_40662.jpg
295,060.Glaucous_winged_Gull/Glaucous_Winged_Gull_0012_44264.jpg
296,060.Glaucous_winged_Gull/Glaucous_Winged_Gull_0081_45223.jpg
297,060.Glaucous_winged_Gull/Glaucous_Winged_Gull_0078_44461.jpg
298,060.Glaucous_winged_Gull/Glaucous_Winged_Gull_0073_44253.jpg
299,060.Glaucous_winged_Gull/Glaucous_Winged_Gull_0138_44694.jpg
300,061.Heermann_Gull/Heermann_Gull_0086_45304.jpg
301,061.Heermann_Gull/Heermann_Gull_0032_45774.jpg
302,061.Heermann_Gull/Heermann_Gull_0043_45939.jpg
303,061.Heermann_Gull/Heermann_Gull_0142_45798.jpg
304,061.Heermann_Gull/Heermann_Gull_0076_45597.jpg
305,062.Herring_Gull/Herring_Gull_0143_46461.jpg
306,062.Herring_Gull/Herring_Gull_0010_46425.jpg
307,062.Herring_Gull/Herring_Gull_0004_48046.jpg
308,062.Herring_Gull/Herring_Gull_0039_46420.jpg
309,062.Herring_Gull/Herring_Gull_0130_46675.jpg
310,063.Ivory_Gull/Ivory_Gull_0035_49523.jpg
311,063.Ivory_Gull/Ivory_Gull_0015_49199.jpg
312,063.Ivory_Gull/Ivory_Gull_0109_49382.jpg
313,063.Ivory_Gull/Ivory_Gull_0098_49810.jpg
314,063.Ivory_Gull/Ivory_Gull_0036_49754.jpg
315,064.Ring_billed_Gull/Ring_Billed_Gull_0074_52258.jpg
316,064.Ring_billed_Gull/Ring_Billed_Gull_0018_51505.jpg
317,064.Ring_billed_Gull/Ring_Billed_Gull_0054_51414.jpg
318,064.Ring_billed_Gull/Ring_Billed_Gull_0098_51410.jpg
319,064.Ring_billed_Gull/Ring_Billed_Gull_0127_51485.jpg
320,065.Slaty_backed_Gull/Slaty_Backed_Gull_0045_796025.jpg
321,065.Slaty_backed_Gull/Slaty_Backed_Gull_0026_53245.jpg
322,065.Slaty_backed_Gull/Slaty_Backed_Gull_0051_796031.jpg
323,065.Slaty_backed_Gull/Slaty_Backed_Gull_0025_796047.jpg
324,065.Slaty_backed_Gull/Slaty_Backed_Gull_0038_796044.jpg
325,066.Western_Gull/Western_Gull_0093_54925.jpg
326,066.Western_Gull/Western_Gull_0128_53852.jpg
327,066.Western_Gull/Western_Gull_0097_54508.jpg
328,066.Western_Gull/Western_Gull_0058_53882.jpg
329,066.Western_Gull/Western_Gull_0009_54768.jpg
330,067.Anna_Hummingbird/Anna_Hummingbird_0098_56388.jpg
331,067.Anna_Hummingbird/Anna_Hummingbird_0091_56004.jpg
332,067.Anna_Hummingbird/Anna_Hummingbird_0102_56087.jpg
333,067.Anna_Hummingbird/Anna_Hummingbird_0094_56092.jpg
334,067.Anna_Hummingbird/Anna_Hummingbird_0052_56344.jpg
335,068.Ruby_throated_Hummingbird/Ruby_Throated_Hummingbird_0034_58148.jpg
336,068.Ruby_throated_Hummingbird/Ruby_Throated_Hummingbird_0010_58285.jpg
337,068.Ruby_throated_Hummingbird/Ruby_Throated_Hummingbird_0059_58210.jpg
338,068.Ruby_throated_Hummingbird/Ruby_Throated_Hummingbird_0003_58269.jpg
339,068.Ruby_throated_Hummingbird/Ruby_Throated_Hummingbird_0095_57990.jpg
340,069.Rufous_Hummingbird/Rufous_Hummingbird_0031_58391.jpg
341,069.Rufous_Hummingbird/Rufous_Hummingbird_0043_58652.jpg
342,069.Rufous_Hummingbird/Rufous_Hummingbird_0089_59524.jpg
343,069.Rufous_Hummingbird/Rufous_Hummingbird_0127_59587.jpg
344,069.Rufous_Hummingbird/Rufous_Hummingbird_0048_58478.jpg
345,070.Green_Violetear/Green_Violetear_0027_60841.jpg
346,070.Green_Violetear/Green_Violetear_0086_795639.jpg
347,070.Green_Violetear/Green_Violetear_0036_795635.jpg
348,070.Green_Violetear/Green_Violetear_0102_795702.jpg
349,070.Green_Violetear/Green_Violetear_0030_795736.jpg
350,071.Long_tailed_Jaeger/Long_Tailed_Jaeger_0029_61101.jpg
351,071.Long_tailed_Jaeger/Long_Tailed_Jaeger_0048_797087.jpg
352,071.Long_tailed_Jaeger/Long_Tailed_Jaeger_0058_60900.jpg
353,071.Long_tailed_Jaeger/Long_Tailed_Jaeger_0060_60886.jpg
354,071.Long_tailed_Jaeger/Long_Tailed_Jaeger_0032_61177.jpg
355,072.Pomarine_Jaeger/Pomarine_Jaeger_0013_795759.jpg
356,072.Pomarine_Jaeger/Pomarine_Jaeger_0032_795789.jpg
357,072.Pomarine_Jaeger/Pomarine_Jaeger_0036_61410.jpg
358,072.Pomarine_Jaeger/Pomarine_Jaeger_0041_61305.jpg
359,072.Pomarine_Jaeger/Pomarine_Jaeger_0079_61370.jpg
360,073.Blue_Jay/Blue_Jay_0052_63148.jpg
361,073.Blue_Jay/Blue_Jay_0048_62433.jpg
362,073.Blue_Jay/Blue_Jay_0061_63645.jpg
363,073.Blue_Jay/Blue_Jay_0078_62351.jpg
364,073.Blue_Jay/Blue_Jay_0099_64435.jpg
365,074.Florida_Jay/Florida_Jay_0111_64651.jpg
366,074.Florida_Jay/Florida_Jay_0002_64476.jpg
367,074.Florida_Jay/Florida_Jay_0035_64463.jpg
368,074.Florida_Jay/Florida_Jay_0003_65036.jpg
369,074.Florida_Jay/Florida_Jay_0021_64698.jpg
370,075.Green_Jay/Green_Jay_0128_65629.jpg
371,075.Green_Jay/Green_Jay_0044_66228.jpg
372,075.Green_Jay/Green_Jay_0040_65863.jpg
373,075.Green_Jay/Green_Jay_0114_65841.jpg
374,075.Green_Jay/Green_Jay_0111_65869.jpg
375,076.Dark_eyed_Junco/Dark_Eyed_Junco_0089_68498.jpg
376,076.Dark_eyed_Junco/Dark_Eyed_Junco_0087_68102.jpg
377,076.Dark_eyed_Junco/Dark_Eyed_Junco_0062_68198.jpg
378,076.Dark_eyed_Junco/Dark_Eyed_Junco_0048_66981.jpg
379,076.Dark_eyed_Junco/Dark_Eyed_Junco_0008_68321.jpg
380,077.Tropical_Kingbird/Tropical_Kingbird_0103_69311.jpg
381,077.Tropical_Kingbird/Tropical_Kingbird_0116_69714.jpg
382,077.Tropical_Kingbird/Tropical_Kingbird_0096_69684.jpg
383,077.Tropical_Kingbird/Tropical_Kingbird_0003_69852.jpg
384,077.Tropical_Kingbird/Tropical_Kingbird_0014_69647.jpg
385,078.Gray_Kingbird/Gray_Kingbird_0030_70110.jpg
386,078.Gray_Kingbird/Gray_Kingbird_0068_70292.jpg
387,078.Gray_Kingbird/Gray_Kingbird_0045_70256.jpg
388,078.Gray_Kingbird/Gray_Kingbird_0050_70056.jpg
389,078.Gray_Kingbird/Gray_Kingbird_0025_70152.jpg
390,079.Belted_Kingfisher/Belted_Kingfisher_0013_70753.jpg
391,079.Belted_Kingfisher/Belted_Kingfisher_0040_70432.jpg
392,079.Belted_Kingfisher/Belted_Kingfisher_0085_70503.jpg
393,079.Belted_Kingfisher/Belted_Kingfisher_0111_70375.jpg
394,079.Belted_Kingfisher/Belted_Kingfisher_0016_70495.jpg
395,080.Green_Kingfisher/Green_Kingfisher_0069_71053.jpg
396,080.Green_Kingfisher/Green_Kingfisher_0056_70972.jpg
397,080.Green_Kingfisher/Green_Kingfisher_0059_71119.jpg
398,080.Green_Kingfisher/Green_Kingfisher_0063_71345.jpg
399,080.Green_Kingfisher/Green_Kingfisher_0031_71229.jpg
400,081.Pied_Kingfisher/Pied_Kingfisher_0051_71429.jpg
401,081.Pied_Kingfisher/Pied_Kingfisher_0017_72316.jpg
402,081.Pied_Kingfisher/Pied_Kingfisher_0046_72156.jpg
403,081.Pied_Kingfisher/Pied_Kingfisher_0075_72581.jpg
404,081.Pied_Kingfisher/Pied_Kingfisher_0106_71404.jpg
405,082.Ringed_Kingfisher/Ringed_Kingfisher_0050_73002.jpg
406,082.Ringed_Kingfisher/Ringed_Kingfisher_0014_72798.jpg
407,082.Ringed_Kingfisher/Ringed_Kingfisher_0103_72894.jpg
408,082.Ringed_Kingfisher/Ringed_Kingfisher_0011_72982.jpg
409,082.Ringed_Kingfisher/Ringed_Kingfisher_0026_72867.jpg
410,083.White_breasted_Kingfisher/White_Breasted_Kingfisher_0117_73283.jpg
411,083.White_breasted_Kingfisher/White_Breasted_Kingfisher_0024_73736.jpg
412,083.White_breasted_Kingfisher/White_Breasted_Kingfisher_0120_73439.jpg
413,083.White_breasted_Kingfisher/White_Breasted_Kingfisher_0084_73247.jpg
414,083.White_breasted_Kingfisher/White_Breasted_Kingfisher_0123_73211.jpg
415,084.Red_legged_Kittiwake/Red_Legged_Kittiwake_0066_795419.jpg
416,084.Red_legged_Kittiwake/Red_Legged_Kittiwake_0045_795426.jpg
417,084.Red_legged_Kittiwake/Red_Legged_Kittiwake_0029_795403.jpg
418,084.Red_legged_Kittiwake/Red_Legged_Kittiwake_0030_73818.jpg
419,084.Red_legged_Kittiwake/Red_Legged_Kittiwake_0027_795454.jpg
420,085.Horned_Lark/Horned_Lark_0010_75291.jpg
421,085.Horned_Lark/Horned_Lark_0134_74689.jpg
422,085.Horned_Lark/Horned_Lark_0043_74450.jpg
423,085.Horned_Lark/Horned_Lark_0069_74093.jpg
424,085.Horned_Lark/Horned_Lark_0096_74075.jpg
425,086.Pacific_Loon/Pacific_Loon_0014_75468.jpg
426,086.Pacific_Loon/Pacific_Loon_0065_75588.jpg
427,086.Pacific_Loon/Pacific_Loon_0051_75514.jpg
428,086.Pacific_Loon/Pacific_Loon_0025_75436.jpg
429,086.Pacific_Loon/Pacific_Loon_0012_75736.jpg
430,087.Mallard/Mallard_0069_76926.jpg
431,087.Mallard/Mallard_0095_76080.jpg
432,087.Mallard/Mallard_0005_76026.jpg
433,087.Mallard/Mallard_0098_77490.jpg
434,087.Mallard/Mallard_0136_76593.jpg
435,088.Western_Meadowlark/Western_Meadowlark_0013_77712.jpg
436,088.Western_Meadowlark/Western_Meadowlark_0040_77823.jpg
437,088.Western_Meadowlark/Western_Meadowlark_0003_78864.jpg
438,088.Western_Meadowlark/Western_Meadowlark_0001_78676.jpg
439,088.Western_Meadowlark/Western_Meadowlark_0120_77834.jpg
440,089.Hooded_Merganser/Hooded_Merganser_0053_796728.jpg
441,089.Hooded_Merganser/Hooded_Merganser_0070_79054.jpg
442,089.Hooded_Merganser/Hooded_Merganser_0090_796774.jpg
443,089.Hooded_Merganser/Hooded_Merganser_0049_79136.jpg
444,089.Hooded_Merganser/Hooded_Merganser_0061_796723.jpg
445,090.Red_breasted_Merganser/Red_Breasted_Merganser_0081_79396.jpg
446,090.Red_breasted_Merganser/Red_Breasted_Merganser_0022_79274.jpg
447,090.Red_breasted_Merganser/Red_Breasted_Merganser_0040_79207.jpg
448,090.Red_breasted_Merganser/Red_Breasted_Merganser_0017_79224.jpg
449,090.Red_breasted_Merganser/Red_Breasted_Merganser_0063_79238.jpg
450,091.Mockingbird/Mockingbird_0019_81296.jpg
451,091.Mockingbird/Mockingbird_0056_81986.jpg
452,091.Mockingbird/Mockingbird_0083_79862.jpg
453,091.Mockingbird/Mockingbird_0097_79951.jpg
454,091.Mockingbird/Mockingbird_0038_81299.jpg
455,092.Nighthawk/Nighthawk_0082_82242.jpg
456,092.Nighthawk/Nighthawk_0068_82368.jpg
457,092.Nighthawk/Nighthawk_0073_83540.jpg
458,092.Nighthawk/Nighthawk_0027_84697.jpg
459,092.Nighthawk/Nighthawk_0019_83850.jpg
460,093.Clark_Nutcracker/Clark_Nutcracker_0003_85296.jpg
461,093.Clark_Nutcracker/Clark_Nutcracker_0137_85172.jpg
462,093.Clark_Nutcracker/Clark_Nutcracker_0017_84777.jpg
463,093.Clark_Nutcracker/Clark_Nutcracker_0117_84912.jpg
464,093.Clark_Nutcracker/Clark_Nutcracker_0073_85343.jpg
465,094.White_breasted_Nuthatch/White_Breasted_Nuthatch_0142_86805.jpg
466,094.White_breasted_Nuthatch/White_Breasted_Nuthatch_0104_85969.jpg
467,094.White_breasted_Nuthatch/White_Breasted_Nuthatch_0097_85940.jpg
468,094.White_breasted_Nuthatch/White_Breasted_Nuthatch_0111_86621.jpg
469,094.White_breasted_Nuthatch/White_Breasted_Nuthatch_0114_86554.jpg
470,095.Baltimore_Oriole/Baltimore_Oriole_0039_88027.jpg
471,095.Baltimore_Oriole/Baltimore_Oriole_0101_87207.jpg
472,095.Baltimore_Oriole/Baltimore_Oriole_0128_87796.jpg
473,095.Baltimore_Oriole/Baltimore_Oriole_0064_89554.jpg
474,095.Baltimore_Oriole/Baltimore_Oriole_0100_89908.jpg
475,096.Hooded_Oriole/Hooded_Oriole_0050_90629.jpg
476,096.Hooded_Oriole/Hooded_Oriole_0035_90331.jpg
477,096.Hooded_Oriole/Hooded_Oriole_0053_90898.jpg
478,096.Hooded_Oriole/Hooded_Oriole_0054_90849.jpg
479,096.Hooded_Oriole/Hooded_Oriole_0079_89978.jpg
480,097.Orchard_Oriole/Orchard_Oriole_0091_91774.jpg
481,097.Orchard_Oriole/Orchard_Oriole_0006_91724.jpg
482,097.Orchard_Oriole/Orchard_Oriole_0098_91401.jpg
483,097.Orchard_Oriole/Orchard_Oriole_0044_91360.jpg
484,097.Orchard_Oriole/Orchard_Oriole_0019_91338.jpg
485,098.Scott_Oriole/Scott_Oriole_0012_795837.jpg
486,098.Scott_Oriole/Scott_Oriole_0056_795816.jpg
487,098.Scott_Oriole/Scott_Oriole_0075_795817.jpg
488,098.Scott_Oriole/Scott_Oriole_0016_92398.jpg
489,098.Scott_Oriole/Scott_Oriole_0068_795804.jpg
490,099.Ovenbird/Ovenbird_0130_92452.jpg
491,099.Ovenbird/Ovenbird_0118_93002.jpg
492,099.Ovenbird/Ovenbird_0035_92785.jpg
493,099.Ovenbird/Ovenbird_0077_92590.jpg
494,099.Ovenbird/Ovenbird_0124_93103.jpg
495,100.Brown_Pelican/Brown_Pelican_0011_94683.jpg
496,100.Brown_Pelican/Brown_Pelican_0100_94434.jpg
497,100.Brown_Pelican/Brown_Pelican_0140_93438.jpg
498,100.Brown_Pelican/Brown_Pelican_0139_93995.jpg
499,100.Brown_Pelican/Brown_Pelican_0118_93475.jpg
500,101.White_Pelican/White_Pelican_0047_97190.jpg
501,101.White_Pelican/White_Pelican_0005_95916.jpg
502,101.White_Pelican/White_Pelican_0024_96554.jpg
503,101.White_Pelican/White_Pelican_0053_96236.jpg
504,101.White_Pelican/White_Pelican_0022_95897.jpg
505,102.Western_Wood_Pewee/Western_Wood_Pewee_0028_795057.jpg
506,102.Western_Wood_Pewee/Western_Wood_Pewee_0007_97985.jpg
507,102.Western_Wood_Pewee/Western_Wood_Pewee_0060_795045.jpg
508,102.Western_Wood_Pewee/Western_Wood_Pewee_0057_795040.jpg
509,102.Western_Wood_Pewee/Western_Wood_Pewee_0072_98035.jpg
510,103.Sayornis/Sayornis_0066_98309.jpg
511,103.Sayornis/Sayornis_0111_98406.jpg
512,103.Sayornis/Sayornis_0005_98958.jpg
513,103.Sayornis/Sayornis_0019_98636.jpg
514,103.Sayornis/Sayornis_0099_98593.jpg
515,104.American_Pipit/American_Pipit_0102_99979.jpg
516,104.American_Pipit/American_Pipit_0073_99642.jpg
517,104.American_Pipit/American_Pipit_0082_99867.jpg
518,104.American_Pipit/American_Pipit_0034_99946.jpg
519,104.American_Pipit/American_Pipit_0074_100154.jpg
520,105.Whip_poor_Will/Whip_Poor_Will_0009_796423.jpg
521,105.Whip_poor_Will/Whip_Poor_Will_0030_100412.jpg
522,105.Whip_poor_Will/Whip_Poor_Will_0038_100443.jpg
523,105.Whip_poor_Will/Whip_Poor_Will_0008_796420.jpg
524,105.Whip_poor_Will/Whip_Poor_Will_0003_796409.jpg
525,106.Horned_Puffin/Horned_Puffin_0046_100785.jpg
526,106.Horned_Puffin/Horned_Puffin_0031_100804.jpg
527,106.Horned_Puffin/Horned_Puffin_0028_100765.jpg
528,106.Horned_Puffin/Horned_Puffin_0001_100973.jpg
529,106.Horned_Puffin/Horned_Puffin_0021_100780.jpg
530,107.Common_Raven/Common_Raven_0110_101775.jpg
531,107.Common_Raven/Common_Raven_0010_101390.jpg
532,107.Common_Raven/Common_Raven_0001_101213.jpg
533,107.Common_Raven/Common_Raven_0009_102112.jpg
534,107.Common_Raven/Common_Raven_0068_101216.jpg
535,108.White_necked_Raven/White_Necked_Raven_0002_797370.jpg
536,108.White_necked_Raven/White_Necked_Raven_0050_797374.jpg
537,108.White_necked_Raven/White_Necked_Raven_0020_102730.jpg
538,108.White_necked_Raven/White_Necked_Raven_0018_102746.jpg
539,108.White_necked_Raven/White_Necked_Raven_0067_102630.jpg
540,109.American_Redstart/American_Redstart_0009_103974.jpg
541,109.American_Redstart/American_Redstart_0116_103631.jpg
542,109.American_Redstart/American_Redstart_0138_102869.jpg
543,109.American_Redstart/American_Redstart_0096_102853.jpg
544,109.American_Redstart/American_Redstart_0077_104042.jpg
545,110.Geococcyx/Geococcyx_0075_104334.jpg
546,110.Geococcyx/Geococcyx_0124_104141.jpg
547,110.Geococcyx/Geococcyx_0110_104163.jpg
548,110.Geococcyx/Geococcyx_0038_104266.jpg
549,110.Geococcyx/Geococcyx_0131_104300.jpg
550,111.Loggerhead_Shrike/Loggerhead_Shrike_0117_104838.jpg
551,111.Loggerhead_Shrike/Loggerhead_Shrike_0029_104849.jpg
552,111.Loggerhead_Shrike/Loggerhead_Shrike_0128_105238.jpg
553,111.Loggerhead_Shrike/Loggerhead_Shrike_0024_105593.jpg
554,111.Loggerhead_Shrike/Loggerhead_Shrike_0116_105286.jpg
555,112.Great_Grey_Shrike/Great_Grey_Shrike_0003_106552.jpg
556,112.Great_Grey_Shrike/Great_Grey_Shrike_0032_797021.jpg
557,112.Great_Grey_Shrike/Great_Grey_Shrike_0020_797052.jpg
558,112.Great_Grey_Shrike/Great_Grey_Shrike_0009_797038.jpg
559,112.Great_Grey_Shrike/Great_Grey_Shrike_0070_106547.jpg
560,113.Baird_Sparrow/Baird_Sparrow_0030_794569.jpg
561,113.Baird_Sparrow/Baird_Sparrow_0032_794553.jpg
562,113.Baird_Sparrow/Baird_Sparrow_0010_794575.jpg
563,113.Baird_Sparrow/Baird_Sparrow_0038_794592.jpg
564,113.Baird_Sparrow/Baird_Sparrow_0021_794576.jpg
565,114.Black_throated_Sparrow/Black_Throated_Sparrow_0097_106935.jpg
566,114.Black_throated_Sparrow/Black_Throated_Sparrow_0088_107220.jpg
567,114.Black_throated_Sparrow/Black_Throated_Sparrow_0102_107243.jpg
568,114.Black_throated_Sparrow/Black_Throated_Sparrow_0017_107355.jpg
569,114.Black_throated_Sparrow/Black_Throated_Sparrow_0081_107111.jpg
570,115.Brewer_Sparrow/Brewer_Sparrow_0074_107408.jpg
571,115.Brewer_Sparrow/Brewer_Sparrow_0014_107435.jpg
572,115.Brewer_Sparrow/Brewer_Sparrow_0008_796703.jpg
573,115.Brewer_Sparrow/Brewer_Sparrow_0063_796714.jpg
574,115.Brewer_Sparrow/Brewer_Sparrow_0022_107440.jpg
575,116.Chipping_Sparrow/Chipping_Sparrow_0011_108081.jpg
576,116.Chipping_Sparrow/Chipping_Sparrow_0098_108644.jpg
577,116.Chipping_Sparrow/Chipping_Sparrow_0015_108462.jpg
578,116.Chipping_Sparrow/Chipping_Sparrow_0037_109851.jpg
579,116.Chipping_Sparrow/Chipping_Sparrow_0088_107562.jpg
580,117.Clay_colored_Sparrow/Clay_Colored_Sparrow_0066_110819.jpg
581,117.Clay_colored_Sparrow/Clay_Colored_Sparrow_0081_110682.jpg
582,117.Clay_colored_Sparrow/Clay_Colored_Sparrow_0061_110830.jpg
583,117.Clay_colored_Sparrow/Clay_Colored_Sparrow_0091_110768.jpg
584,117.Clay_colored_Sparrow/Clay_Colored_Sparrow_0056_110848.jpg
585,118.House_Sparrow/House_Sparrow_0006_111034.jpg
586,118.House_Sparrow/House_Sparrow_0137_111219.jpg
587,118.House_Sparrow/House_Sparrow_0086_111385.jpg
588,118.House_Sparrow/House_Sparrow_0108_112963.jpg
589,118.House_Sparrow/House_Sparrow_0046_112845.jpg
590,119.Field_Sparrow/Field_Sparrow_0013_113599.jpg
591,119.Field_Sparrow/Field_Sparrow_0011_113420.jpg
592,119.Field_Sparrow/Field_Sparrow_0130_113846.jpg
593,119.Field_Sparrow/Field_Sparrow_0106_113350.jpg
594,119.Field_Sparrow/Field_Sparrow_0025_113683.jpg
595,120.Fox_Sparrow/Fox_Sparrow_0093_114757.jpg
596,120.Fox_Sparrow/Fox_Sparrow_0035_114866.jpg
597,120.Fox_Sparrow/Fox_Sparrow_0116_115311.jpg
598,120.Fox_Sparrow/Fox_Sparrow_0110_115172.jpg
599,120.Fox_Sparrow/Fox_Sparrow_0055_114809.jpg
600,121.Grasshopper_Sparrow/Grasshopper_Sparrow_0040_115696.jpg
601,121.Grasshopper_Sparrow/Grasshopper_Sparrow_0058_115862.jpg
602,121.Grasshopper_Sparrow/Grasshopper_Sparrow_0073_115996.jpg
603,121.Grasshopper_Sparrow/Grasshopper_Sparrow_0039_115980.jpg
604,121.Grasshopper_Sparrow/Grasshopper_Sparrow_0119_116081.jpg
605,122.Harris_Sparrow/Harris_Sparrow_0029_116516.jpg
606,122.Harris_Sparrow/Harris_Sparrow_0073_116577.jpg
607,122.Harris_Sparrow/Harris_Sparrow_0006_116364.jpg
608,122.Harris_Sparrow/Harris_Sparrow_0028_116656.jpg
609,122.Harris_Sparrow/Harris_Sparrow_0024_116480.jpg
610,123.Henslow_Sparrow/Henslow_Sparrow_0042_796595.jpg
611,123.Henslow_Sparrow/Henslow_Sparrow_0031_796594.jpg
612,123.Henslow_Sparrow/Henslow_Sparrow_0113_116801.jpg
613,123.Henslow_Sparrow/Henslow_Sparrow_0018_116834.jpg
614,123.Henslow_Sparrow/Henslow_Sparrow_0006_796607.jpg
615,124.Le_Conte_Sparrow/Le_Conte_Sparrow_0070_795135.jpg
616,124.Le_Conte_Sparrow/Le_Conte_Sparrow_0007_795148.jpg
617,124.Le_Conte_Sparrow/Le_Conte_Sparrow_0043_795213.jpg
618,124.Le_Conte_Sparrow/Le_Conte_Sparrow_0073_117127.jpg
619,124.Le_Conte_Sparrow/Le_Conte_Sparrow_0015_795152.jpg
620,125.Lincoln_Sparrow/Lincoln_Sparrow_0050_117744.jpg
621,125.Lincoln_Sparrow/Lincoln_Sparrow_0046_117405.jpg
622,125.Lincoln_Sparrow/Lincoln_Sparrow_0090_117857.jpg
623,125.Lincoln_Sparrow/Lincoln_Sparrow_0119_117270.jpg
624,125.Lincoln_Sparrow/Lincoln_Sparrow_0040_117721.jpg
625,126.Nelson_Sharp_tailed_Sparrow/Nelson_Sharp_Tailed_Sparrow_0018_118011.jpg
626,126.Nelson_Sharp_tailed_Sparrow/Nelson_Sharp_Tailed_Sparrow_0077_796913.jpg
627,126.Nelson_Sharp_tailed_Sparrow/Nelson_Sharp_Tailed_Sparrow_0014_796906.jpg
628,126.Nelson_Sharp_tailed_Sparrow/Nelson_Sharp_Tailed_Sparrow_0045_118004.jpg
629,126.Nelson_Sharp_tailed_Sparrow/Nelson_Sharp_Tailed_Sparrow_0022_796905.jpg
630,127.Savannah_Sparrow/Savannah_Sparrow_0067_118491.jpg
631,127.Savannah_Sparrow/Savannah_Sparrow_0079_118817.jpg
632,127.Savannah_Sparrow/Savannah_Sparrow_0029_119621.jpg
633,127.Savannah_Sparrow/Savannah_Sparrow_0022_118989.jpg
634,127.Savannah_Sparrow/Savannah_Sparrow_0017_119171.jpg
635,128.Seaside_Sparrow/Seaside_Sparrow_0047_796520.jpg
636,128.Seaside_Sparrow/Seaside_Sparrow_0024_120751.jpg
637,128.Seaside_Sparrow/Seaside_Sparrow_0042_796528.jpg
638,128.Seaside_Sparrow/Seaside_Sparrow_0011_120820.jpg
639,128.Seaside_Sparrow/Seaside_Sparrow_0051_796522.jpg
640,129.Song_Sparrow/Song_Sparrow_0116_121211.jpg
641,129.Song_Sparrow/Song_Sparrow_0101_120920.jpg
642,129.Song_Sparrow/Song_Sparrow_0040_121617.jpg
643,129.Song_Sparrow/Song_Sparrow_0055_121158.jpg
644,129.Song_Sparrow/Song_Sparrow_0036_121679.jpg
645,130.Tree_Sparrow/Tree_Sparrow_0035_123211.jpg
646,130.Tree_Sparrow/Tree_Sparrow_0081_124348.jpg
647,130.Tree_Sparrow/Tree_Sparrow_0077_123417.jpg
648,130.Tree_Sparrow/Tree_Sparrow_0046_125344.jpg
649,130.Tree_Sparrow/Tree_Sparrow_0052_123869.jpg
650,131.Vesper_Sparrow/Vesper_Sparrow_0079_125579.jpg
651,131.Vesper_Sparrow/Vesper_Sparrow_0005_125440.jpg
652,131.Vesper_Sparrow/Vesper_Sparrow_0040_125441.jpg
653,131.Vesper_Sparrow/Vesper_Sparrow_0007_125630.jpg
654,131.Vesper_Sparrow/Vesper_Sparrow_0017_125534.jpg
655,132.White_crowned_Sparrow/White_Crowned_Sparrow_0010_127651.jpg
656,132.White_crowned_Sparrow/White_Crowned_Sparrow_0129_127860.jpg
657,132.White_crowned_Sparrow/White_Crowned_Sparrow_0101_127058.jpg
658,132.White_crowned_Sparrow/White_Crowned_Sparrow_0100_126267.jpg
659,132.White_crowned_Sparrow/White_Crowned_Sparrow_0001_127115.jpg
660,133.White_throated_Sparrow/White_Throated_Sparrow_0015_129138.jpg
661,133.White_throated_Sparrow/White_Throated_Sparrow_0119_128827.jpg
662,133.White_throated_Sparrow/White_Throated_Sparrow_0097_128967.jpg
663,133.White_throated_Sparrow/White_Throated_Sparrow_0023_129179.jpg
664,133.White_throated_Sparrow/White_Throated_Sparrow_0069_128951.jpg
665,134.Cape_Glossy_Starling/Cape_Glossy_Starling_0024_129384.jpg
666,134.Cape_Glossy_Starling/Cape_Glossy_Starling_0065_129299.jpg
667,134.Cape_Glossy_Starling/Cape_Glossy_Starling_0028_129309.jpg
668,134.Cape_Glossy_Starling/Cape_Glossy_Starling_0020_129328.jpg
669,134.Cape_Glossy_Starling/Cape_Glossy_Starling_0048_129397.jpg
670,135.Bank_Swallow/Bank_Swallow_0037_129903.jpg
671,135.Bank_Swallow/Bank_Swallow_0053_129501.jpg
672,135.Bank_Swallow/Bank_Swallow_0010_129592.jpg
673,135.Bank_Swallow/Bank_Swallow_0064_129816.jpg
674,135.Bank_Swallow/Bank_Swallow_0017_129755.jpg
675,136.Barn_Swallow/Barn_Swallow_0073_131389.jpg
676,136.Barn_Swallow/Barn_Swallow_0016_130678.jpg
677,136.Barn_Swallow/Barn_Swallow_0049_130181.jpg
678,136.Barn_Swallow/Barn_Swallow_0002_130551.jpg
679,136.Barn_Swallow/Barn_Swallow_0078_130385.jpg
680,137.Cliff_Swallow/Cliff_Swallow_0071_133742.jpg
681,137.Cliff_Swallow/Cliff_Swallow_0103_133882.jpg
682,137.Cliff_Swallow/Cliff_Swallow_0090_133144.jpg
683,137.Cliff_Swallow/Cliff_Swallow_0018_132974.jpg
684,137.Cliff_Swallow/Cliff_Swallow_0015_133176.jpg
685,138.Tree_Swallow/Tree_Swallow_0105_134648.jpg
686,138.Tree_Swallow/Tree_Swallow_0076_137232.jpg
687,138.Tree_Swallow/Tree_Swallow_0114_136265.jpg
688,138.Tree_Swallow/Tree_Swallow_0060_134961.jpg
689,138.Tree_Swallow/Tree_Swallow_0015_134790.jpg
690,139.Scarlet_Tanager/Scarlet_Tanager_0119_138291.jpg
691,139.Scarlet_Tanager/Scarlet_Tanager_0033_137603.jpg
692,139.Scarlet_Tanager/Scarlet_Tanager_0128_138711.jpg
693,139.Scarlet_Tanager/Scarlet_Tanager_0075_137602.jpg
694,139.Scarlet_Tanager/Scarlet_Tanager_0110_138274.jpg
695,140.Summer_Tanager/Summer_Tanager_0120_140060.jpg
696,140.Summer_Tanager/Summer_Tanager_0088_139473.jpg
697,140.Summer_Tanager/Summer_Tanager_0095_139882.jpg
698,140.Summer_Tanager/Summer_Tanager_0013_140828.jpg
699,140.Summer_Tanager/Summer_Tanager_0001_139289.jpg
700,141.Artic_Tern/Artic_Tern_0085_142083.jpg
701,141.Artic_Tern/Artic_Tern_0090_143583.jpg
702,141.Artic_Tern/Artic_Tern_0133_141069.jpg
703,141.Artic_Tern/Artic_Tern_0111_143101.jpg
704,141.Artic_Tern/Artic_Tern_0105_141098.jpg
705,142.Black_Tern/Black_Tern_0077_144117.jpg
706,142.Black_Tern/Black_Tern_0083_144083.jpg
707,142.Black_Tern/Black_Tern_0097_144724.jpg
708,142.Black_Tern/Black_Tern_0046_144229.jpg
709,142.Black_Tern/Black_Tern_0057_143884.jpg
710,143.Caspian_Tern/Caspian_Tern_0051_145930.jpg
711,143.Caspian_Tern/Caspian_Tern_0117_146009.jpg
712,143.Caspian_Tern/Caspian_Tern_0023_147194.jpg
713,143.Caspian_Tern/Caspian_Tern_0123_145774.jpg
714,143.Caspian_Tern/Caspian_Tern_0120_145650.jpg
715,144.Common_Tern/Common_Tern_0125_148767.jpg
716,144.Common_Tern/Common_Tern_0095_149960.jpg
717,144.Common_Tern/Common_Tern_0025_147728.jpg
718,144.Common_Tern/Common_Tern_0029_148035.jpg
719,144.Common_Tern/Common_Tern_0033_148675.jpg
720,145.Elegant_Tern/Elegant_Tern_0065_151021.jpg
721,145.Elegant_Tern/Elegant_Tern_0047_150626.jpg
722,145.Elegant_Tern/Elegant_Tern_0064_150822.jpg
723,145.Elegant_Tern/Elegant_Tern_0073_150925.jpg
724,145.Elegant_Tern/Elegant_Tern_0061_150524.jpg
725,146.Forsters_Tern/Forsters_Tern_0007_152110.jpg
726,146.Forsters_Tern/Forsters_Tern_0118_151564.jpg
727,146.Forsters_Tern/Forsters_Tern_0104_152666.jpg
728,146.Forsters_Tern/Forsters_Tern_0027_151456.jpg
729,146.Forsters_Tern/Forsters_Tern_0127_150418.jpg
730,147.Least_Tern/Least_Tern_0016_153560.jpg
731,147.Least_Tern/Least_Tern_0038_153087.jpg
732,147.Least_Tern/Least_Tern_0092_153361.jpg
733,147.Least_Tern/Least_Tern_0060_153190.jpg
734,147.Least_Tern/Least_Tern_0088_152941.jpg
735,148.Green_tailed_Towhee/Green_Tailed_Towhee_0024_154855.jpg
736,148.Green_tailed_Towhee/Green_Tailed_Towhee_0070_154844.jpg
737,148.Green_tailed_Towhee/Green_Tailed_Towhee_0071_154870.jpg
738,148.Green_tailed_Towhee/Green_Tailed_Towhee_0077_797443.jpg
739,148.Green_tailed_Towhee/Green_Tailed_Towhee_0046_154967.jpg
740,149.Brown_Thrasher/Brown_Thrasher_0034_155139.jpg
741,149.Brown_Thrasher/Brown_Thrasher_0045_155182.jpg
742,149.Brown_Thrasher/Brown_Thrasher_0074_155339.jpg
743,149.Brown_Thrasher/Brown_Thrasher_0051_155344.jpg
744,149.Brown_Thrasher/Brown_Thrasher_0069_155151.jpg
745,150.Sage_Thrasher/Sage_Thrasher_0076_796445.jpg
746,150.Sage_Thrasher/Sage_Thrasher_0031_796455.jpg
747,150.Sage_Thrasher/Sage_Thrasher_0103_155575.jpg
748,150.Sage_Thrasher/Sage_Thrasher_0071_155642.jpg
749,150.Sage_Thrasher/Sage_Thrasher_0060_155728.jpg
750,151.Black_capped_Vireo/Black_Capped_Vireo_0040_797463.jpg
751,151.Black_capped_Vireo/Black_Capped_Vireo_0041_797452.jpg
752,151.Black_capped_Vireo/Black_Capped_Vireo_0016_797489.jpg
753,151.Black_capped_Vireo/Black_Capped_Vireo_0015_797450.jpg
754,151.Black_capped_Vireo/Black_Capped_Vireo_0039_797451.jpg
755,152.Blue_headed_Vireo/Blue_Headed_Vireo_0068_156222.jpg
756,152.Blue_headed_Vireo/Blue_Headed_Vireo_0019_156311.jpg
757,152.Blue_headed_Vireo/Blue_Headed_Vireo_0121_156233.jpg
758,152.Blue_headed_Vireo/Blue_Headed_Vireo_0098_156348.jpg
759,152.Blue_headed_Vireo/Blue_Headed_Vireo_0065_156260.jpg
760,153.Philadelphia_Vireo/Philadelphia_Vireo_0002_156591.jpg
761,153.Philadelphia_Vireo/Philadelphia_Vireo_0071_794796.jpg
762,153.Philadelphia_Vireo/Philadelphia_Vireo_0047_156521.jpg
763,153.Philadelphia_Vireo/Philadelphia_Vireo_0039_794794.jpg
764,153.Philadelphia_Vireo/Philadelphia_Vireo_0003_156565.jpg
765,154.Red_eyed_Vireo/Red_Eyed_Vireo_0140_157237.jpg
766,154.Red_eyed_Vireo/Red_Eyed_Vireo_0115_157004.jpg
767,154.Red_eyed_Vireo/Red_Eyed_Vireo_0077_157005.jpg
768,154.Red_eyed_Vireo/Red_Eyed_Vireo_0101_156988.jpg
769,154.Red_eyed_Vireo/Red_Eyed_Vireo_0019_156921.jpg
770,155.Warbling_Vireo/Warbling_Vireo_0097_158579.jpg
771,155.Warbling_Vireo/Warbling_Vireo_0116_158740.jpg
772,155.Warbling_Vireo/Warbling_Vireo_0027_158576.jpg
773,155.Warbling_Vireo/Warbling_Vireo_0002_158319.jpg
774,155.Warbling_Vireo/Warbling_Vireo_0119_158819.jpg
775,156.White_eyed_Vireo/White_Eyed_Vireo_0118_159036.jpg
776,156.White_eyed_Vireo/White_Eyed_Vireo_0042_159012.jpg
777,156.White_eyed_Vireo/White_Eyed_Vireo_0082_159186.jpg
778,156.White_eyed_Vireo/White_Eyed_Vireo_0064_159286.jpg
779,156.White_eyed_Vireo/White_Eyed_Vireo_0019_159095.jpg
780,157.Yellow_throated_Vireo/Yellow_Throated_Vireo_0046_159668.jpg
781,157.Yellow_throated_Vireo/Yellow_Throated_Vireo_0008_159573.jpg
782,157.Yellow_throated_Vireo/Yellow_Throated_Vireo_0084_159639.jpg
783,157.Yellow_throated_Vireo/Yellow_Throated_Vireo_0066_795007.jpg
784,157.Yellow_throated_Vireo/Yellow_Throated_Vireo_0035_794991.jpg
785,158.Bay_breasted_Warbler/Bay_Breasted_Warbler_0062_159783.jpg
786,158.Bay_breasted_Warbler/Bay_Breasted_Warbler_0112_159839.jpg
787,158.Bay_breasted_Warbler/Bay_Breasted_Warbler_0011_159736.jpg
788,158.Bay_breasted_Warbler/Bay_Breasted_Warbler_0073_797138.jpg
789,158.Bay_breasted_Warbler/Bay_Breasted_Warbler_0089_797141.jpg
790,159.Black_and_white_Warbler/Black_And_White_Warbler_0041_160639.jpg
791,159.Black_and_white_Warbler/Black_And_White_Warbler_0119_160898.jpg
792,159.Black_and_white_Warbler/Black_And_White_Warbler_0028_160371.jpg
793,159.Black_and_white_Warbler/Black_And_White_Warbler_0115_160654.jpg
794,159.Black_and_white_Warbler/Black_And_White_Warbler_0072_160353.jpg
795,160.Black_throated_Blue_Warbler/Black_Throated_Blue_Warbler_0017_161220.jpg
796,160.Black_throated_Blue_Warbler/Black_Throated_Blue_Warbler_0108_161714.jpg
797,160.Black_throated_Blue_Warbler/Black_Throated_Blue_Warbler_0063_161213.jpg
798,160.Black_throated_Blue_Warbler/Black_Throated_Blue_Warbler_0061_161667.jpg
799,160.Black_throated_Blue_Warbler/Black_Throated_Blue_Warbler_0130_161682.jpg
800,161.Blue_winged_Warbler/Blue_Winged_Warbler_0002_161890.jpg
801,161.Blue_winged_Warbler/Blue_Winged_Warbler_0082_161772.jpg
802,161.Blue_winged_Warbler/Blue_Winged_Warbler_0009_161880.jpg
803,161.Blue_winged_Warbler/Blue_Winged_Warbler_0071_161900.jpg
804,161.Blue_winged_Warbler/Blue_Winged_Warbler_0076_161894.jpg
805,162.Canada_Warbler/Canada_Warbler_0048_162326.jpg
806,162.Canada_Warbler/Canada_Warbler_0004_162224.jpg
807,162.Canada_Warbler/Canada_Warbler_0076_162393.jpg
808,162.Canada_Warbler/Canada_Warbler_0009_162343.jpg
809,162.Canada_Warbler/Canada_Warbler_0042_162448.jpg
810,163.Cape_May_Warbler/Cape_May_Warbler_0081_162936.jpg
811,163.Cape_May_Warbler/Cape_May_Warbler_0001_139008.jpg
812,163.Cape_May_Warbler/Cape_May_Warbler_0049_162909.jpg
813,163.Cape_May_Warbler/Cape_May_Warbler_0069_162980.jpg
814,163.Cape_May_Warbler/Cape_May_Warbler_0076_163075.jpg
815,164.Cerulean_Warbler/Cerulean_Warbler_0094_797200.jpg
816,164.Cerulean_Warbler/Cerulean_Warbler_0071_163201.jpg
817,164.Cerulean_Warbler/Cerulean_Warbler_0014_797226.jpg
818,164.Cerulean_Warbler/Cerulean_Warbler_0060_797209.jpg
819,164.Cerulean_Warbler/Cerulean_Warbler_0077_797202.jpg
820,165.Chestnut_sided_Warbler/Chestnut_Sided_Warbler_0094_164152.jpg
821,165.Chestnut_sided_Warbler/Chestnut_Sided_Warbler_0081_163854.jpg
822,165.Chestnut_sided_Warbler/Chestnut_Sided_Warbler_0014_163801.jpg
823,165.Chestnut_sided_Warbler/Chestnut_Sided_Warbler_0006_163858.jpg
824,165.Chestnut_sided_Warbler/Chestnut_Sided_Warbler_0013_163749.jpg
825,166.Golden_winged_Warbler/Golden_Winged_Warbler_0066_794803.jpg
826,166.Golden_winged_Warbler/Golden_Winged_Warbler_0004_164470.jpg
827,166.Golden_winged_Warbler/Golden_Winged_Warbler_0078_794827.jpg
828,166.Golden_winged_Warbler/Golden_Winged_Warbler_0071_164370.jpg
829,166.Golden_winged_Warbler/Golden_Winged_Warbler_0051_794805.jpg
830,167.Hooded_Warbler/Hooded_Warbler_0130_164826.jpg
831,167.Hooded_Warbler/Hooded_Warbler_0134_164708.jpg
832,167.Hooded_Warbler/Hooded_Warbler_0124_164923.jpg
833,167.Hooded_Warbler/Hooded_Warbler_0053_164631.jpg
834,167.Hooded_Warbler/Hooded_Warbler_0013_164627.jpg
835,168.Kentucky_Warbler/Kentucky_Warbler_0039_165324.jpg
836,168.Kentucky_Warbler/Kentucky_Warbler_0069_165318.jpg
837,168.Kentucky_Warbler/Kentucky_Warbler_0078_795889.jpg
838,168.Kentucky_Warbler/Kentucky_Warbler_0033_165271.jpg
839,168.Kentucky_Warbler/Kentucky_Warbler_0050_165278.jpg
840,169.Magnolia_Warbler/Magnolia_Warbler_0052_165474.jpg
841,169.Magnolia_Warbler/Magnolia_Warbler_0077_165674.jpg
842,169.Magnolia_Warbler/Magnolia_Warbler_0112_166406.jpg
843,169.Magnolia_Warbler/Magnolia_Warbler_0018_165958.jpg
844,169.Magnolia_Warbler/Magnolia_Warbler_0029_165567.jpg
845,170.Mourning_Warbler/Mourning_Warbler_0020_166440.jpg
846,170.Mourning_Warbler/Mourning_Warbler_0081_166434.jpg
847,170.Mourning_Warbler/Mourning_Warbler_0042_166493.jpg
848,170.Mourning_Warbler/Mourning_Warbler_0082_166574.jpg
849,170.Mourning_Warbler/Mourning_Warbler_0069_166559.jpg
850,171.Myrtle_Warbler/Myrtle_Warbler_0072_166702.jpg
851,171.Myrtle_Warbler/Myrtle_Warbler_0100_166871.jpg
852,171.Myrtle_Warbler/Myrtle_Warbler_0065_166885.jpg
853,171.Myrtle_Warbler/Myrtle_Warbler_0008_166927.jpg
854,171.Myrtle_Warbler/Myrtle_Warbler_0073_166798.jpg
855,172.Nashville_Warbler/Nashville_Warbler_0128_166444.jpg
856,172.Nashville_Warbler/Nashville_Warbler_0068_167266.jpg
857,172.Nashville_Warbler/Nashville_Warbler_0118_167350.jpg
858,172.Nashville_Warbler/Nashville_Warbler_0040_167454.jpg
859,172.Nashville_Warbler/Nashville_Warbler_0035_167283.jpg
860,173.Orange_crowned_Warbler/Orange_Crowned_Warbler_0079_168372.jpg
861,173.Orange_crowned_Warbler/Orange_Crowned_Warbler_0128_168012.jpg
862,173.Orange_crowned_Warbler/Orange_Crowned_Warbler_0034_168185.jpg
863,173.Orange_crowned_Warbler/Orange_Crowned_Warbler_0042_167614.jpg
864,173.Orange_crowned_Warbler/Orange_Crowned_Warbler_0049_167974.jpg
865,174.Palm_Warbler/Palm_Warbler_0083_170281.jpg
866,174.Palm_Warbler/Palm_Warbler_0136_170276.jpg
867,174.Palm_Warbler/Palm_Warbler_0089_168968.jpg
868,174.Palm_Warbler/Palm_Warbler_0020_168857.jpg
869,174.Palm_Warbler/Palm_Warbler_0012_170857.jpg
870,175.Pine_Warbler/Pine_Warbler_0003_171639.jpg
871,175.Pine_Warbler/Pine_Warbler_0078_171374.jpg
872,175.Pine_Warbler/Pine_Warbler_0102_171147.jpg
873,175.Pine_Warbler/Pine_Warbler_0127_171742.jpg
874,175.Pine_Warbler/Pine_Warbler_0088_170980.jpg
875,176.Prairie_Warbler/Prairie_Warbler_0105_172982.jpg
876,176.Prairie_Warbler/Prairie_Warbler_0123_172603.jpg
877,176.Prairie_Warbler/Prairie_Warbler_0080_172724.jpg
878,176.Prairie_Warbler/Prairie_Warbler_0020_173359.jpg
879,176.Prairie_Warbler/Prairie_Warbler_0106_173071.jpg
880,177.Prothonotary_Warbler/Prothonotary_Warbler_0076_174118.jpg
881,177.Prothonotary_Warbler/Prothonotary_Warbler_0063_173830.jpg
882,177.Prothonotary_Warbler/Prothonotary_Warbler_0096_174372.jpg
883,177.Prothonotary_Warbler/Prothonotary_Warbler_0097_174554.jpg
884,177.Prothonotary_Warbler/Prothonotary_Warbler_0112_174594.jpg
885,178.Swainson_Warbler/Swainson_Warbler_0039_794859.jpg
886,178.Swainson_Warbler/Swainson_Warbler_0019_174692.jpg
887,178.Swainson_Warbler/Swainson_Warbler_0011_174680.jpg
888,178.Swainson_Warbler/Swainson_Warbler_0022_794868.jpg
889,178.Swainson_Warbler/Swainson_Warbler_0025_794881.jpg
890,179.Tennessee_Warbler/Tennessee_Warbler_0061_174775.jpg
891,179.Tennessee_Warbler/Tennessee_Warbler_0100_175168.jpg
892,179.Tennessee_Warbler/Tennessee_Warbler_0023_174977.jpg
893,179.Tennessee_Warbler/Tennessee_Warbler_0021_174761.jpg
894,179.Tennessee_Warbler/Tennessee_Warbler_0095_174903.jpg
895,180.Wilson_Warbler/Wilson_Warbler_0041_175464.jpg
896,180.Wilson_Warbler/Wilson_Warbler_0059_175249.jpg
897,180.Wilson_Warbler/Wilson_Warbler_0089_175619.jpg
898,180.Wilson_Warbler/Wilson_Warbler_0025_175859.jpg
899,180.Wilson_Warbler/Wilson_Warbler_0117_175262.jpg
900,181.Worm_eating_Warbler/Worm_Eating_Warbler_0101_795557.jpg
901,181.Worm_eating_Warbler/Worm_Eating_Warbler_0006_176037.jpg
902,181.Worm_eating_Warbler/Worm_Eating_Warbler_0082_176144.jpg
903,181.Worm_eating_Warbler/Worm_Eating_Warbler_0102_176069.jpg
904,181.Worm_eating_Warbler/Worm_Eating_Warbler_0057_176006.jpg
905,182.Yellow_Warbler/Yellow_Warbler_0039_176444.jpg
906,182.Yellow_Warbler/Yellow_Warbler_0020_176364.jpg
907,182.Yellow_Warbler/Yellow_Warbler_0090_176366.jpg
908,182.Yellow_Warbler/Yellow_Warbler_0028_176391.jpg
909,182.Yellow_Warbler/Yellow_Warbler_0100_176733.jpg
910,183.Northern_Waterthrush/Northern_Waterthrush_0049_177173.jpg
911,183.Northern_Waterthrush/Northern_Waterthrush_0066_177110.jpg
912,183.Northern_Waterthrush/Northern_Waterthrush_0061_177172.jpg
913,183.Northern_Waterthrush/Northern_Waterthrush_0022_177003.jpg
914,183.Northern_Waterthrush/Northern_Waterthrush_0104_177137.jpg
915,184.Louisiana_Waterthrush/Louisiana_Waterthrush_0018_177557.jpg
916,184.Louisiana_Waterthrush/Louisiana_Waterthrush_0034_795242.jpg
917,184.Louisiana_Waterthrush/Louisiana_Waterthrush_0029_795262.jpg
918,184.Louisiana_Waterthrush/Louisiana_Waterthrush_0045_795274.jpg
919,184.Louisiana_Waterthrush/Louisiana_Waterthrush_0091_795246.jpg
920,185.Bohemian_Waxwing/Bohemian_Waxwing_0096_177969.jpg
921,185.Bohemian_Waxwing/Bohemian_Waxwing_0022_177642.jpg
922,185.Bohemian_Waxwing/Bohemian_Waxwing_0002_177986.jpg
923,185.Bohemian_Waxwing/Bohemian_Waxwing_0095_177709.jpg
924,185.Bohemian_Waxwing/Bohemian_Waxwing_0048_177821.jpg
925,186.Cedar_Waxwing/Cedar_Waxwing_0054_178141.jpg
926,186.Cedar_Waxwing/Cedar_Waxwing_0130_178308.jpg
927,186.Cedar_Waxwing/Cedar_Waxwing_0003_178570.jpg
928,186.Cedar_Waxwing/Cedar_Waxwing_0004_179215.jpg
929,186.Cedar_Waxwing/Cedar_Waxwing_0041_179183.jpg
930,187.American_Three_toed_Woodpecker/American_Three_Toed_Woodpecker_0030_796144.jpg
931,187.American_Three_toed_Woodpecker/American_Three_Toed_Woodpecker_0001_179912.jpg
932,187.American_Three_toed_Woodpecker/American_Three_Toed_Woodpecker_0025_179918.jpg
933,187.American_Three_toed_Woodpecker/American_Three_Toed_Woodpecker_0009_179919.jpg
934,187.American_Three_toed_Woodpecker/American_Three_Toed_Woodpecker_0049_796191.jpg
935,188.Pileated_Woodpecker/Pileated_Woodpecker_0110_180521.jpg
936,188.Pileated_Woodpecker/Pileated_Woodpecker_0124_180168.jpg
937,188.Pileated_Woodpecker/Pileated_Woodpecker_0089_179969.jpg
938,188.Pileated_Woodpecker/Pileated_Woodpecker_0008_180400.jpg
939,188.Pileated_Woodpecker/Pileated_Woodpecker_0033_180179.jpg
940,189.Red_bellied_Woodpecker/Red_Bellied_Woodpecker_0073_180994.jpg
941,189.Red_bellied_Woodpecker/Red_Bellied_Woodpecker_0114_181092.jpg
942,189.Red_bellied_Woodpecker/Red_Bellied_Woodpecker_0021_182303.jpg
943,189.Red_bellied_Woodpecker/Red_Bellied_Woodpecker_0020_182335.jpg
944,189.Red_bellied_Woodpecker/Red_Bellied_Woodpecker_0077_182334.jpg
945,190.Red_cockaded_Woodpecker/Red_Cockaded_Woodpecker_0012_794697.jpg
946,190.Red_cockaded_Woodpecker/Red_Cockaded_Woodpecker_0063_794726.jpg
947,190.Red_cockaded_Woodpecker/Red_Cockaded_Woodpecker_0037_794733.jpg
948,190.Red_cockaded_Woodpecker/Red_Cockaded_Woodpecker_0058_794739.jpg
949,190.Red_cockaded_Woodpecker/Red_Cockaded_Woodpecker_0052_794752.jpg
950,191.Red_headed_Woodpecker/Red_Headed_Woodpecker_0055_183515.jpg
951,191.Red_headed_Woodpecker/Red_Headed_Woodpecker_0007_182728.jpg
952,191.Red_headed_Woodpecker/Red_Headed_Woodpecker_0005_183414.jpg
953,191.Red_headed_Woodpecker/Red_Headed_Woodpecker_0016_183007.jpg
954,191.Red_headed_Woodpecker/Red_Headed_Woodpecker_0066_183322.jpg
955,192.Downy_Woodpecker/Downy_Woodpecker_0031_184120.jpg
956,192.Downy_Woodpecker/Downy_Woodpecker_0062_184343.jpg
957,192.Downy_Woodpecker/Downy_Woodpecker_0033_184636.jpg
958,192.Downy_Woodpecker/Downy_Woodpecker_0043_184314.jpg
959,192.Downy_Woodpecker/Downy_Woodpecker_0005_184098.jpg
960,193.Bewick_Wren/Bewick_Wren_0010_185142.jpg
961,193.Bewick_Wren/Bewick_Wren_0042_184878.jpg
962,193.Bewick_Wren/Bewick_Wren_0049_185339.jpg
963,193.Bewick_Wren/Bewick_Wren_0067_184816.jpg
964,193.Bewick_Wren/Bewick_Wren_0104_185256.jpg
965,194.Cactus_Wren/Cactus_Wren_0075_186066.jpg
966,194.Cactus_Wren/Cactus_Wren_0008_186083.jpg
967,194.Cactus_Wren/Cactus_Wren_0016_185582.jpg
968,194.Cactus_Wren/Cactus_Wren_0001_185645.jpg
969,194.Cactus_Wren/Cactus_Wren_0123_186068.jpg
970,195.Carolina_Wren/Carolina_Wren_0055_186154.jpg
971,195.Carolina_Wren/Carolina_Wren_0049_186129.jpg
972,195.Carolina_Wren/Carolina_Wren_0047_186928.jpg
973,195.Carolina_Wren/Carolina_Wren_0113_186675.jpg
974,195.Carolina_Wren/Carolina_Wren_0072_186309.jpg
975,196.House_Wren/House_Wren_0117_187492.jpg
976,196.House_Wren/House_Wren_0119_187552.jpg
977,196.House_Wren/House_Wren_0097_187760.jpg
978,196.House_Wren/House_Wren_0085_187723.jpg
979,196.House_Wren/House_Wren_0126_187647.jpg
980,197.Marsh_Wren/Marsh_Wren_0122_188323.jpg
981,197.Marsh_Wren/Marsh_Wren_0118_188512.jpg
982,197.Marsh_Wren/Marsh_Wren_0068_188446.jpg
983,197.Marsh_Wren/Marsh_Wren_0056_188241.jpg
984,197.Marsh_Wren/Marsh_Wren_0012_188275.jpg
985,198.Rock_Wren/Rock_Wren_0121_188974.jpg
986,198.Rock_Wren/Rock_Wren_0063_189121.jpg
987,198.Rock_Wren/Rock_Wren_0003_189167.jpg
988,198.Rock_Wren/Rock_Wren_0087_188988.jpg
989,198.Rock_Wren/Rock_Wren_0043_188933.jpg
990,199.Winter_Wren/Winter_Wren_0130_189531.jpg
991,199.Winter_Wren/Winter_Wren_0103_189509.jpg
992,199.Winter_Wren/Winter_Wren_0118_189805.jpg
993,199.Winter_Wren/Winter_Wren_0087_190135.jpg
994,199.Winter_Wren/Winter_Wren_0131_190061.jpg
995,200.Common_Yellowthroat/Common_Yellowthroat_0006_190576.jpg
996,200.Common_Yellowthroat/Common_Yellowthroat_0032_190592.jpg
997,200.Common_Yellowthroat/Common_Yellowthroat_0126_190407.jpg
998,200.Common_Yellowthroat/Common_Yellowthroat_0104_190489.jpg
999,200.Common_Yellowthroat/Common_Yellowthroat_0077_190990.jpg
